,attachments,author_id,conversation_id,created_at,edit_history_tweet_ids,id,in_reply_to_user_id,text,origen
0,{'media_keys': ['3_1591076986658738177']},896083788098416641,1591077073795584003,2022-11-11 14:35:09+00:00,['1591077073795584003'],1591077073795584003,,"Visitanos en https://t.co/dtXV8gP3AU
#Mercados #Dolar #Cedear https://t.co/IC27IPrgKy",dolar
1,,150720110,1591058307950825472,2022-11-11 14:33:01+00:00,['1591076535590473728'],1591076535590473728,18079284.0,@RevistaSemana este man si es el propio ü§°ü§°ü§°ü§° y ya existe se LLAMA #dolar üíµ sopenco üòÇüòÇüòÇüòÇ,dolar
2,{'media_keys': ['3_1591076460151840768']},1061357663827779584,1591076464228986881,2022-11-11 14:32:44+00:00,['1591076464228986881'],1591076464228986881,,"Tasa Petro¬† viernes 11-11-2022

Luis Elvis Oficial 
SIGUEME EN MIS REDES SOCIALES 
dale al link 
https://t.co/AEXxkAiiPE

#Luiselvis #Petro
#venezuela #d√≥lar #econom√≠a https://t.co/JUy5WWtSvB",dolar
3,{'media_keys': ['3_1591076264886116355']},896083788098416641,1591076358888706048,2022-11-11 14:32:19+00:00,['1591076358888706048'],1591076358888706048,,"Visitanos en https://t.co/dtXV8h66CU
#Mercados #Dolar https://t.co/csNUlGWRXM",dolar
4,,2355325052,1591076325812736000,2022-11-11 14:32:11+00:00,['1591076325812736000'],1591076325812736000,,"#EnMedios | ¬øEl precio del d√≥lar en Colombia ha estado sobre devaluado? 

Nuestra opini√≥n en @Portafolioco 

#ValuesAAA #InvestmentBanking #Econom√≠a #D√≥lar https://t.co/LWbZ19zcRL",dolar
5,{'media_keys': ['7_1591075648738627585']},1022819839524700160,1591075795216523264,2022-11-11 14:30:04+00:00,['1591075795216523264'],1591075795216523264,,"#IndicadoresFinancieros #TipoDeCambio #Peso #D√≥lar 
Los datos sobre la inflaci√≥n en EU que se encontraron en un nivel inferior a lo esperado, favoreci√≥ el comportamiento del peso frente a la divisa estadounidense, ubic√°ndose en su menor nivel del 2022.
#MarvaInforma https://t.co/fhXWdGYNSP",dolar
6,"{'media_keys': ['3_1577644563568656386', '3_1577644563577159680', '3_1577644563585433601', '3_1577644563572875265']}",1223451257660231680,1591075778116001792,2022-11-11 14:30:00+00:00,['1591075778116001792'],1591075778116001792,,"Invert√≠ en Estados Unidos sin moverte de tu casa, Abr√≠ tu cuenta desde https://t.co/dSbCy2fhDE y recib√≠ asesoramiento sin cargo! #invertir #inversiones #bolsa #mercadodecapitales #ahorro #inversor #oportunidad #d√≥lar #argentina #dinero #capital #acciones #bonos #fci #finanzas https://t.co/y5n4XOB9mj",dolar
7,{'media_keys': ['3_1591073435060273153']},23377748,1591075777931608065,2022-11-11 14:30:00+00:00,['1591075777931608065'],1591075777931608065,,"El #d√≥lar en #M√©xico cotiza en $18.55 pesos la compra y a $19.29 pesos la venta.

Baja ampliando las p√©rdidas del d√≠a anterior despu√©s de que la #inflaci√≥n de #EU fuera menor de lo esperado, lo que disminuye la probabilidad de que la Fed suba la tasa de inter√©s de forma agresiva. https://t.co/6fAFx3Toon",dolar
8,{'media_keys': ['3_1577679443073671169']},1550525846158467072,1591075777034035200,2022-11-11 14:30:00+00:00,['1591075777034035200'],1591075777034035200,,S√∫mate a nuestro canal de Telegram desde https://t.co/vuSgu7LSd9 para recibir la cotizaci√≥n del D√≥lar en tu celular! #inflaci√≥n #dolarlibre #blue #oficial #d√≥lar #dolarmep #dolarblue #argentina #ahorro #devaluaci√≥n #inversi√≥n #bolsa #CCL #mep https://t.co/1raJKa1Dxe,dolar
9,{'media_keys': ['16_1591075007316332544']},99141179,1591075048890437635,2022-11-11 14:27:07+00:00,['1591075048890437635'],1591075048890437635,,"üü° #Puebla | Precio del d√≥lar este 11 de noviembre üëá

üí∏ Al inicio de la jornada de este viernes el #d√≥lar encuentra en un precio promedio de üí∏$19.39 pesos mexicanos.

#DolarHoy #Economia #BMV #Hoy https://t.co/XZH4uzhiEi",dolar
10,{'media_keys': ['3_1591074351108935681']},1337523901799288833,1591074367097950208,2022-11-11 14:24:24+00:00,['1591074367097950208'],1591074367097950208,,"El tipo de cambio obtenido el d√≠a de hoy fue de $19.3940 M.N. (diecinueve pesos con tres mil novecientos cuarenta diezmil√©simos moneda nacional) por un d√≥lar de los EE.UU.A.
#abogado #contratos #TipoDeCambio #dolar #peso #negocios #empresa #lawyer #contract #business #legaldesign https://t.co/H3us4PzOMN",dolar
11,,1550525846158467072,1591073520691605504,2022-11-11 14:21:02+00:00,['1591073520691605504'],1591073520691605504,,"Cotizaci√≥n MEP 298,59

Oper√° desde https://t.co/WuSDVX0WB3

#usd #Dolar #dolarmep #dolarblue #argentina #ahorro #bolsa #inversiones #devaluacion #inflacion #dolarbolsa #mep",dolar
12,,1306629670356615168,1591073043392401413,2022-11-11 14:19:08+00:00,['1591073043392401413'],1591073043392401413,,"#Mercados
El #d√≥lar cotiza a $ 167 en el Banco Naci√≥n y el riesgo pa√≠s se mantiene en 2.484 puntos https://t.co/mDPZwEp177",dolar
13,{'media_keys': ['3_1591072890329436162']},106503292,1591072892238041089,2022-11-11 14:18:32+00:00,['1591072892238041089'],1591072892238041089,,Hoy #viernes 11 de noviembre de 2022 el #tipodecambio promedio del #d√≥lar en M√©xico es de $19.38 pesos. V√≠a https://t.co/hJ6s2goIRV https://t.co/sCXMZpDfPm,dolar
14,,1551291859703562249,1591072776374583296,2022-11-11 14:18:05+00:00,['1591072776374583296'],1591072776374583296,,"Precio del d√≥lar HOY 11/11/2022 11:21 en Argentina

D√≥lar Blue $292,00
D√≥lar Oficial $167,50
D√≥lar Ahorro $276,38
D√≥lar Turista $293,12
D√≥lar MEP $298,73
D√≥lar CCL $308,39
D√≥lar Qatar $335,00

üåê M√°s info en: https://t.co/dqoIOCbSPs
#dolarblue #dolaroficial #dolarnube #dolar",dolar
15,{'media_keys': ['7_1591071895822254080']},1574449762643988480,1591072280121348096,2022-11-11 14:16:06+00:00,['1591072280121348096'],1591072280121348096,,"INDICADORES DEL D√çA 11 DE NOVIEMBRE DE 2022 El precio del dolar a caido m√°s de $200 pesos colombianos en menos de 36 h.
El bitcoin cae en menos de 48 h. m√°s del 10% desde su precio m√°s estable llegando casi a los 16 mil dolares
 #Noticias #indicadores #dolar #bitcoin #cripto https://t.co/tkCe9SN0CZ",dolar
16,"{'media_keys': ['3_1591071928667734017', '3_1591071955301588992']}",1183084648492130305,1591071959210946561,2022-11-11 14:14:50+00:00,['1591071959210946561'],1591071959210946561,,"#dolar Monitor contin√∫a en alza mientras ya q no hay disposici√≥n d la divisa en los bancos. Estado sigue quemando d√≥lares en bancos mientras aumenta la sed vor√°gine por adquirir la divisa.
#LeerEscribirYPensar
#LeerDesconoliza
#FILVEN2022
Luis Enrique
Rafael C√°rdenas
Espa√±a
Locha https://t.co/yocpbnW0iD",dolar
17,{'media_keys': ['3_1591071423761629184']},1333874695779864588,1591071547250606080,2022-11-11 14:13:12+00:00,['1591071547250606080'],1591071547250606080,,"#dolar parece que despierta...
despegue en 3...2...1...üöÄ? https://t.co/feU3YjnCos",dolar
18,,1197258093207457794,1591070350502416384,2022-11-11 14:08:26+00:00,['1591070350502416384'],1591070350502416384,,"üí≤üí≤ü§ëEl PESO cotizaba en 19.34 unidades por #d√≥larüíµ casi al final de los #negocios; en tanto, el referencial √≠ndice accionario S&amp;P/BMV gan√≥ un 0.96%

https://t.co/SI2vraWbyz",dolar
19,,60999597,1591070264426901505,2022-11-11 14:08:06+00:00,['1591070264426901505'],1591070264426901505,,"üí≤üí≤ü§ëEl PESO cotizaba en 19.34 unidades por #d√≥larüíµ casi al final de los #negocios; en tanto, el referencial √≠ndice accionario S&amp;P/BMV gan√≥ un 0.96%

https://t.co/MLPRRX3Wyt",dolar
20,,1550156303473037315,1591069742458363907,2022-11-11 14:06:01+00:00,['1591069742458363907'],1591069742458363907,,"DOLAR EN ARGENTINA
Datos del: 11/11/2022 - 10:11

Compra: $288,00 | Venta: $292,00
Variaci√≥n:  0,00%

Riesgo pa√≠s: 2481 üîΩ -2,17

Informaci√≥n de √Åmbito Financiero (mzy)

#Dolar #DolarBlue #Devaluaci√≥n #BCRA #Gobierno #Argentina",dolar
21,{'media_keys': ['3_1591069714800906242']},29629086,1591054951018598401,2022-11-11 14:05:59+00:00,['1591069732186488833'],1591069732186488833,29629086.0,#D√≥lar | üíµ Cotizaci√≥n de apertura en #Argentina  ‚¨áÔ∏è https://t.co/GGftJaIQYp,dolar
22,,106330452,1591069702734123009,2022-11-11 14:05:52+00:00,['1591069702734123009'],1591069702734123009,,"#TipoDeCambio | Precio del #d√≥lar en #M√©xico  este viernes 11 de noviembre de 2022.
https://t.co/xT2yR7SmOg",dolar
23,{'media_keys': ['3_1591069408109232131']},234088034,1591069505072947200,2022-11-11 14:05:05+00:00,['1591069505072947200'],1591069505072947200,,"#ElInformanteM√©xico

#Portada| ¬°COMO NUNCA! EL #PESO SE FORTALECE FRENTE AL #D√ìLAR

La #DivisaMexicana se ubica alrededor de los 19.35 pesos por d√≥lar al mayoreo en los #MercadosInternacionales, lo que significa una apreciaci√≥n de 1.13%.
@Banxico
https://t.co/AU8XeMBzc1 https://t.co/5jeN3re36B",dolar
24,{'media_keys': ['3_1591069001383297027']},1381776255243145226,1591069005225279489,2022-11-11 14:03:06+00:00,['1591069005225279489'],1591069005225279489,,"#CarlosVives participar√° en #creaci√≥n de #NFT

https://t.co/nmuSxL0Ufr

#b2bfinances #finanzas #Espa√±a #academia #noticias #bolsa #traiding #M√©xico #Venezuela #chile #panama #oro #stamp #news #Per√∫ #Florida #√≠ndices #cursos #forex #Crypto #Colombia #dinero #dolar #euro #israel https://t.co/J9aFsFSwFA",dolar
25,,1362796718,1591068822752137217,2022-11-11 14:02:22+00:00,['1591068822752137217'],1591068822752137217,,"""De la mano de los usados, crecen los pr√©stamos prendarios - Diario R√≠o Negro"" | #DolarBlue #Dolar https://t.co/4LoDcLS5p1 https://t.co/tS7XNkIFRw",dolar
26,,1362796718,1591068821627994112,2022-11-11 14:02:22+00:00,['1591068821627994112'],1591068821627994112,,"""D√≥lar Tarjeta, Turista y Coldplay: ¬øcu√°nto queda en el camino? - Por Dami√°n Di Pace - https://t.co/iDsPHVxQL2"" | #DolarBlue #Dolar https://t.co/4LoDcLS5p1 https://t.co/u5C4c7BfEA",dolar
27,{'media_keys': ['3_1591068673648762881']},164807937,1591068684260634624,2022-11-11 14:01:49+00:00,['1591068684260634624'],1591068684260634624,,"üìåEl d√≥lar se viene devaluando frente a varias monedas hace un mes

#unpasoadelantefxti #d√≥lar #monedaslatinas #analisisbursatil #analisistecnico https://t.co/xwJ4PB16Tg",dolar
28,,164807937,1591068435596779520,2022-11-11 14:00:50+00:00,['1591068435596779520'],1591068435596779520,,"üìåEl d√≥lar se viene devaluando frente a varias monedas hace un mes

#unpasoadelantefxti #d√≥lar #monedaslatinas #analisisbursatil #analisistecnico https://t.co/EfRIacfAM8",dolar
29,{'media_keys': ['3_1591068393683255297']},869662267075375109,1591068412477726720,2022-11-11 14:00:44+00:00,['1591068412477726720'],1591068412477726720,,"Hoy Viernes 11 de Noviembre de 2022 el tipo de cambio promedio del d√≥lar en #M√©xico es de

1 #D√≥lar = 19.4013 Pesos
‚áß 0.0045 0.02%

#AbriendoLaConversaci√≥n https://t.co/hIljbGlw4F",dolar
30,,2192594364,1591068242705096704,2022-11-11 14:00:04+00:00,['1591068242705096704'],1591068242705096704,,El precio del d√≥lar paralelo en este momento 2022-11-11 10:00 AM: 10.6 Bs #venezuela #dolar,dolar
31,,1234705632927846400,1591066884845277185,2022-11-11 13:54:40+00:00,['1591066884845277185'],1591066884845277185,,"#Econom√≠a | üíµ Hoy viernes 11 de noviembre de 2022 el precio del #d√≥lar en #M√©xico se coloca en un valor promedio nacional de $19.3664 pesos, mientras que el valor de compra en $19.0022 y de venta en $19.7307.
üëâhttps://t.co/2qND0Vxpa5 

https://t.co/ZzzAWdMZHY",dolar
32,{'media_keys': ['3_1591066062572904448']},1024672891663736832,1591066050958954497,2022-11-11 13:51:25+00:00,['1591066065890865152'],1591066065890865152,1.0246728916637368e+18,"#Frecuencia de palabras en los textos de #economia de #Infobae del 10.11.2022 üìä
1.  #gobierno 83
2.  #d√≥lar 79
3.  #precios 61
4.  #argentina 55
5.  #acuerdo 50
6.  #inflaci√≥n 47
7.  #presidente 41
8.  #massa 39 https://t.co/vTotEcMeJF",dolar
33,{'media_keys': ['7_1591065347452534787']},726272840027115520,1591065440515948546,2022-11-11 13:48:56+00:00,['1591065440515948546'],1591065440515948546,,"üî¥ As√≠ el #D√≥lar
Compra $18.20
Venta     $19.60
#Morelos
#Cuernavaca https://t.co/rScra4cwpb",dolar
34,{'media_keys': ['16_1591064931943579648']},117203015,1591064939405266944,2022-11-11 13:46:56+00:00,['1591064939405266944'],1591064939405266944,,#NotiDOA #d√≥lar a la compra en $18.75 y a la venta en $19.86 https://t.co/YrGPV8I3MI,dolar
35,,196814835,1591064680503582720,2022-11-11 13:45:55+00:00,['1591064680503582720'],1591064680503582720,,"El #dolar sigue bajando en #Colombia 

https://t.co/JoGuLOnVCH",dolar
36,,1203392606656487424,1591063137159376896,2022-11-11 13:39:47+00:00,['1591063137159376896'],1591063137159376896,,"https://t.co/akkEimfbaK Los PoliBrujas, cortos para narrar el abuso policial en Venezuela. SUSCRIBE para subir m√°s contenido real
#Venezuela #11Nov #Lluvias #Gasolina #Corpoelec #Dolar #Agua #IVSS #CICPC #Video #Anime #Politica #Corruption Plan Vuelta a La Patria Jorge Rodr√≠guez",dolar
37,{'media_keys': ['3_1591062092559392769']},89485410,1591062131172343808,2022-11-11 13:35:47+00:00,['1591062131172343808'],1591062131172343808,,"AMPLIACI√ìN: Este viernes el d√≥lar opera bajo la modalidad ‚Äònext day‚Äô, sube levemente en la bvc https://t.co/MYSTNK2KHf #dolar https://t.co/DtjYKzSSPP",dolar
38,{'media_keys': ['3_1591061983230558208']},1440021803058049030,1591062004072337410,2022-11-11 13:35:16+00:00,['1591062004072337410'],1591062004072337410,,"Hoy es viernes 11 de noviembre del a√±o 2022 y estos son algunos datos de inter√©s.

#LaPropuestaDigital #LaPropuestaDigRD #datosdeinteres #diario #noticias #dolar #euro #combustibles #tiempo https://t.co/wiwJjHX0I2",dolar
39,,1567287154027515905,1590782005373194240,2022-11-11 13:34:55+00:00,['1591061916033896448'],1591061916033896448,202352090.0,"@claudiosavoia #Macri nos hizo mierda y a ver? mostrame algun #twitt pidiendole la #renuncia a el o a #Caputo cuando la inflacion se disparo o cuando el ##dolar se fue al joraca? No haces #periodismo, no enga√±as a nadie sos un operador politico. #Savoia nada",dolar
40,{'media_keys': ['3_1591060580835680257']},1156597099129135105,1591060583516082176,2022-11-11 13:29:38+00:00,['1591060583516082176'],1591060583516082176,,#D√≥lar | Este es el precio de la divisa estadounidense publicado por el Banco Central de Venezuela (BCV) y las p√°ginas informativas DolarToday y Monitor para este viernes #11Nov. https://t.co/Gra5M5lqzS,dolar
41,{'media_keys': ['7_1591060154857971720']},999698294401130496,1591038047331946496,2022-11-11 13:28:06+00:00,['1591060197128441856'],1591060197128441856,9.996982944011305e+17,"#D√≥lar Next Day abri√≥ este #viernes 11 de noviembre: $4,805‚öúÔ∏èSe mantiene estable frente a su cierre de jueves en el Spot de $4,805. https://t.co/ZLUGJW3S0B",dolar
42,{'media_keys': ['3_1591058481133625346']},1422986494701187072,1591059783917850626,2022-11-11 13:26:27+00:00,['1591059783917850626'],1591059783917850626,,"#D√≥lar | Cotizaci√≥n monetaria para hoy #11Nov en Venezuela üáªüá™ : OFICIAL Bs.  9,01 COMERCIAL Bs. 10,55.  En Argentina üá¶üá∑ : 160,73 pesos.
#FelizViernesATodos https://t.co/jUl4w8pD7d",dolar
43,{'media_keys': ['3_1591059497165922304']},89485410,1591059519840583682,2022-11-11 13:25:24+00:00,['1591059519840583682'],1591059519840583682,,"Este viernes el d√≥lar opera bajo la modalidad ‚Äònext day‚Äô, sube en promedio $2,08 hasta los $4.808,15 https://t.co/sVP2W5gEHM #dolar https://t.co/Sgp3k10kXo",dolar
44,,95275857,1591059039919579136,2022-11-11 13:23:30+00:00,['1591059039919579136'],1591059039919579136,,"#D√≥lar As√≠ cotiz√≥ este d√≠a el billete verde

https://t.co/WUvjNjhg3j",dolar
45,,108989345,1591058992406532096,2022-11-11 13:23:18+00:00,['1591058992406532096'],1591058992406532096,,"#D√≥lar As√≠ cotiz√≥ este d√≠a el billete verde

https://t.co/NGSrazcRjZ",dolar
46,{'media_keys': ['3_1591058457754484736']},1313129376356106247,1591058746205409283,2022-11-11 13:22:20+00:00,['1591058746205409283'],1591058746205409283,,"En la sesi√≥n overnight el tipo de cambio alcanz√≥ un m√≠nimo de $19.2655 y un m√°ximo de $19.4733. En la apertura, el pesoüá≤üáΩ se deprecia 0.54%, cotizando en el mercado spot en alrededor de $19.4145. Es la 2a divisa emergente que presenta mayores p√©rdidas frente al #dolar esta ma√±ana https://t.co/vpa3ecplRk",dolar
47,,1509292697395220481,1591057929394073601,2022-11-11 13:19:05+00:00,['1591057929394073601'],1591057929394073601,,"TOMA NOTA 
Esta ma√±ana, el tipo de cambio present√≥ una tendencia alcista y cotiza en $19.37, que implica una depreciaci√≥n de 0.27% respecto al cierre previo. Ayer, la paridad cerr√≥ el d√≠a en su menor nivel desde febrero de 2020.
#dolar 
#tipodecambio",dolar
48,{'media_keys': ['3_1591057533925560320']},756501092096176129,1591057796661153794,2022-11-11 13:18:33+00:00,['1591057796661153794'],1591057796661153794,,"Informaci√≥n operaci√≥n transacciones del D√≥lar [11/11/2022]. 

Somos la fuente oficial del D√≥lar en Colombia para recibir la informaci√≥n del d√≥lar en tiempo real, solicita un Demo en el siguiente link: https://t.co/ldQ7RMjWW4
#dolar #FelizViernesATodos #dolarInformaci√≥n https://t.co/2CzxxnBVyB",dolar
49,,1551291859703562249,1591057545841750016,2022-11-11 13:17:34+00:00,['1591057545841750016'],1591057545841750016,,"Precio del d√≥lar HOY 11/11/2022 10:20 en Argentina

D√≥lar Blue $292,00
D√≥lar Oficial $167,50
D√≥lar Ahorro $276,38
D√≥lar Turista $293,12
D√≥lar MEP $296,78
D√≥lar CCL $309,08
D√≥lar Qatar $335,00

üåê M√°s info en: https://t.co/dqoIOCbSPs
#dolarblue #dolaroficial #dolarnube #dolar",dolar
50,,4797772695,1591057378765852674,2022-11-11 13:16:54+00:00,['1591057378765852674'],1591057378765852674,,"#Dolar
Festivo USA.
Dolar opera ND a $ 4,805 en la ‚Äúapertura‚Äù y ya va a $ 4,812 !!
@andresmania",dolar
51,{'media_keys': ['3_1591057089232879620']},208183828,1591057096971255808,2022-11-11 13:15:46+00:00,['1591057096971255808'],1591057096971255808,,"Buenos d√≠as, empresarios y emprendedores, les compartimos los #IndicadoresEcon√≥micos para hoy 11 de noviembre de 2022.

#IndicadoresVENA #FelizViernes #IndicadoresHoy #Acciones #EconomiaColombia #EuroHoy #D√≥lar #UVR #TRM #Negocios #Dinero #Colombia #MercadoBurs√°til https://t.co/Tb4qpmruwW",dolar
52,,738857042585210880,1591056996979331073,2022-11-11 13:15:23+00:00,['1591056996979331073'],1591056996979331073,,"La suba del #euro contra el #dolar, lleva 6% en 8 d√≠as. El dato de inflaci√≥n de ayer aceler√≥ la tendencia.",dolar
53,{'media_keys': ['3_1591056554136068097']},936969055231193088,1591056555826638849,2022-11-11 13:13:37+00:00,['1591056555826638849'],1591056555826638849,,"TASA CAMBIARIA BCV.
Para hoy Viernes 11 de Noviembre del 2.022.
#BCV #DOLAR #EURO https://t.co/rtPqMspvUD",dolar
54,,1115012822935773184,1591055738331283457,2022-11-11 13:10:57+00:00,['1591055882124636160'],1591055882124636160,149991703.0,"@alferdez En lo que va de a√±o, el dolar subi√≥ un 73.81%
#dato #dolar #argentina",dolar
55,,931579478794555393,1591055139858587650,2022-11-11 13:08:00+00:00,['1591055139858587650'],1591055139858587650,,"La agenda econ√≥mica con @willykohan: ""Estamos cerrando una semana con mercados bipolares""

#Economia #Mercados #Dolar

https://t.co/y4hgvlxXT3",dolar
56,,1243143476289683456,1591054494070018049,2022-11-11 13:05:26+00:00,['1591054494070018049'],1591054494070018049,,"üëâLa #Eurozona entrar√° en #recesi√≥n para el √∫ltimo trimestre de este a√±oüö©üá™üá∫

üìâEnt√©rate cu√°nto vale hoy el #dolar y la #liraüìâ

#EURTRY #EURUSD #EURCAD #Canada #canadavisa #Europa #USA #usak #eeuu #Biden #Trump #trump2024 #USD #USDT #Pfizer #Musk #Twitter
https://t.co/ytZpoYsz0d",dolar
57,{'media_keys': ['3_1591053910768291841']},1381776255243145226,1591053914513752064,2022-11-11 13:03:08+00:00,['1591053914513752064'],1591053914513752064,,"Queman una obra de #FridaKahlo para #vender sus copias como #NFT

https://t.co/BOqRvYsxzC

#b2bfinances #finanzas #Espa√±a #academia #noticias #bolsa #traiding #M√©xico #Venezuela #chile #panama #oro #stamp #news #Per√∫ #Florida #√≠ndices #nft #dinero #dolar #euro #israel https://t.co/1WVyuSarXX",dolar
58,,52819651,1591053283933573120,2022-11-11 13:00:37+00:00,['1591053283933573120'],1591053283933573120,,"#PortafolioRecomienda

El #D√≥lar en #Colombia ha bajado de los 5.000 pesos en los √∫ltimos d√≠as.

Una de las razones de esto fue la noticia de la menor inflaci√≥n en EE. UU., que llevar√≠a a disminuir o frenar el alza de tasas.

Otras razones, aqu√≠ üëá.
 https://t.co/aNNa9w7ZkF",dolar
59,{'media_keys': ['3_1591053264002465794']},4055650763,1591053267315789825,2022-11-11 13:00:33+00:00,['1591053267315789825'],1591053267315789825,,"Hoy en #EstadosUnidos üá∫üá≤ es festivo, se conmemora el D√≠a de los Veteranos, por lo tanto, la #TRM se mantiene vigente hasta el pr√≥ximo martes 15 de noviembre. 

Movimiento del #d√≥lar durante la jornada de ayer

Apertura $4891,50
M√°ximo $4901,50
M√≠nimo $4776,30
Promedio $4806,05 https://t.co/d4PXqDc9DG",dolar
60,,2192594364,1591053139351949316,2022-11-11 13:00:03+00:00,['1591053139351949316'],1591053139351949316,,El precio del d√≥lar paralelo en este momento 2022-11-11 09:00 AM: 10.6 Bs #venezuela #dolar,dolar
61,{'media_keys': ['3_1577636165368401920']},1223451257660231680,1591053136487219201,2022-11-11 13:00:02+00:00,['1591053136487219201'],1591053136487219201,,Potencia tu inversi√≥n tomando cr√©dito de cauci√≥n! Conoce mas desde https://t.co/FbOwqrtLXA - Accede a nuestro asesoramiento sin cargo extra abriendo tu cuenta desde https://t.co/mX2YPfxrMn #invertir #inversiones #bolsa #mercadodecapitales #ahorro #inversor #oportunidad #d√≥lar https://t.co/1xxSPfzf26,dolar
62,{'media_keys': ['3_1591050878320054274']},1024672891663736832,1591050865586094082,2022-11-11 12:51:05+00:00,['1591050881927368704'],1591050881927368704,1.0246728916637368e+18,"#Frecuencia de palabras en los textos de #economia de #LaNacion del 10.11.2022 üìä
1.  #argentina 87
2.  #d√≥lar 81
3.  #noviembre 61
4.  #mercado 55
5.  #gobierno 52
6.  #producci√≥n 40
7.  #escuchar 38
8.  #precios 38 https://t.co/CrUdgeBRIi",dolar
63,,1203392606656487424,1591050370180321280,2022-11-11 12:49:03+00:00,['1591050370180321280'],1591050370180321280,,"https://t.co/pgY82QIYRu Los PoliBrujas, cortos para narrar el abuso policial en Venezuela. SUSCRIBE para subir m√°s contenido real
#Venezuela #11Nov #Lluvias #Gasolina #Corpoelec #Dolar #Agua #IVSS #CICPC #Video #Anime #Politica #Corruption Plan Vuelta a La Patria Jorge Rodr√≠guez",dolar
64,,1203392606656487424,1591050321463480320,2022-11-11 12:48:51+00:00,['1591050321463480320'],1591050321463480320,,"https://t.co/S38rZHPfG2 Los PoliBrujas, cortos para narrar el abuso policial en Venezuela. SUSCRIBE para subir m√°s contenido real
#Venezuela #11Nov #Lluvias #Gasolina #Corpoelec #Dolar #Agua #IVSS #CICPC #Video #Anime #Politica #Corruption Plan Vuelta a La Patria Jorge Rodr√≠guez",dolar
65,{'media_keys': ['3_1591049810903269376']},301147415,1591049836778119169,2022-11-11 12:46:56+00:00,['1591049836778119169'],1591049836778119169,,"¬°Feliz viernes!üå•Ô∏è compartimos los principales indicadores econ√≥micos üìäde hoy, 11 de noviembre de 2022.

#BancoW #ParaTiParaTodos #Felizd√≠a #FelizViernes #Fds #FelizFinDeSemana #Econom√≠a #Indicadores #Dolar #Euro #Petroleo #cafe https://t.co/4pTJcg3yM3",dolar
66,{'media_keys': ['3_1591049670003933185']},105235737,1591049741869387776,2022-11-11 12:46:33+00:00,['1591049741869387776'],1591049741869387776,,"Antes de despedirnos te dejamos los indicadores del d√≠a üòâ 
¬°Feliz fin de semana! üòÅ

#Indicadores #Economia #IPSA #Dolar #Cobre #UF https://t.co/XcltayFUPn",dolar
67,{'media_keys': ['3_1591049650810896385']},1584990295288168448,1591049653730291712,2022-11-11 12:46:12+00:00,['1591049653730291712'],1591049653730291712,,"Iniciamos el #d√≠a con esta buena entrada en #CRASH 500. Sumando #dolar a la cuenta poco a poco y gestionando el riesgo.

#BuenDia #Traders #TradersDiary #forexmarkets https://t.co/sqMpYrTsud",dolar
68,,104667895,1591048668198670336,2022-11-11 12:42:17+00:00,['1591048668198670336'],1591048668198670336,,"Antes de iniciar el d√≠a #viernes es muy importante que conozcas el #precio del #d√≥lar 

https://t.co/syrpn97vaZ",dolar
69,,123879040,1591046546183053315,2022-11-11 12:33:51+00:00,['1591046546183053315'],1591046546183053315,,"COLOMBIA #cotizaci√≥n promedio 11-11-22 en pesos colombianos: 
TRM $4806.07 
üíµ #Dolar $4846.70 
üí∂ #Euro $5070.00 
https://t.co/UTLAh4rVXn",dolar
70,,1203392606656487424,1591046522543607808,2022-11-11 12:33:45+00:00,['1591046522543607808'],1591046522543607808,,"https://t.co/EyHcAwobaw Los PoliBrujas, cortos para narrar el abuso policial en Venezuela. SUSCRIBE para subir m√°s contenido real
#Venezuela #11Nov #Lluvias #Gasolina #Corpoelec #Dolar #Agua #IVSS #CICPC #Video #Anime #Politica #Corruption Plan Vuelta a La Patria Jorge Rodr√≠guez",dolar
71,,1203392606656487424,1591046481049313280,2022-11-11 12:33:35+00:00,['1591046481049313280'],1591046481049313280,,"https://t.co/t1qNYW1r2G Los PoliBrujas, cortos para narrar el abuso policial en Venezuela. SUSCRIBE para subir m√°s contenido real
#Venezuela #11Nov #Lluvias #Gasolina #Corpoelec #Dolar #Agua #IVSS #CICPC #Video #Anime #Politica #Corruption Plan Vuelta a La Patria Jorge Rodr√≠guez",dolar
72,{'media_keys': ['3_1591046008313708545']},281280596,1591046382067933185,2022-11-11 12:33:12+00:00,['1591046382067933185'],1591046382067933185,,"üî¥ #EnNoticiasYa @RadioyaB 1430 AM üó£Ô∏è Jaime Berm√∫dez especialista en finanzas | Efectos de la baja del #dolar ""El d√≥lar toma precio con respecto al peso colombiano debido a la cantidad insuficiente de d√≥lares en el mercado. https://t.co/tIO9pVZu6C",dolar
73,,923259119993327623,1591046050722500613,2022-11-11 12:31:53+00:00,['1591046050722500613'],1591046050722500613,,"Mano a mano Diego Garc√≠a- ""El Albarrate"" el domingo 4 de diciembre en D√≥lar (Granada) https://t.co/hqgTHMvon6 #Dolar  @DiegoGarciaInf   #Albarrate  @ObjetivoJuanma",dolar
74,,123879040,1591045137257598976,2022-11-11 12:28:15+00:00,['1591045137257598976'],1591045137257598976,,"BRASIL #cotizaci√≥n promedio 11-11-22 en reales: 
üíµ #Dolar $5.4405 
üí∂ #Euro $5.5877 
https://t.co/eSaEkKB4sJ",dolar
75,,296877824,1591044905820131330,2022-11-11 12:27:20+00:00,['1591044905820131330'],1591044905820131330,,"TRM Colombia 4,806 pesos por d√≥larüí≤ - #Bitcoin: 17,291 USD - Viernes 11/11/2022 #trm #colombia #dolar #dolarcolombia #bitcoincolombia",dolar
76,,123879040,1591043491697938434,2022-11-11 12:21:43+00:00,['1591043491697938434'],1591043491697938434,,"MEXICO #cotizaci√≥n promedio 11-11-22 en pesos mexicanos: 
üíµ #Dolar $20.078 
üí∂ #Euro $20.289 
https://t.co/VVOqsohu7I",dolar
77,,179258512,1591043272339705858,2022-11-11 12:20:50+00:00,['1591043272339705858'],1591043272339705858,,"Y hoy el #d√≥lar seguir√° bajando, no por obras del gobierno, sino por designio #DIVINO , numeral #PetroBastaYa #petrorenuncieYA",dolar
78,,1551291859703562249,1591042316038729728,2022-11-11 12:17:02+00:00,['1591042316038729728'],1591042316038729728,,"Precio del d√≥lar HOY 11/11/2022 09:20 en Argentina

D√≥lar Blue $292,00
D√≥lar Oficial $167,50
D√≥lar Ahorro $276,38
D√≥lar Turista $293,12
D√≥lar MEP $299,92
D√≥lar CCL $309,34
D√≥lar Qatar $335,00

üåê M√°s info en: https://t.co/dqoIOCbSPs
#dolarblue #dolaroficial #dolarnube #dolar",dolar
79,{'media_keys': ['7_1591042206353264640']},1548042807293538304,1591042270312087552,2022-11-11 12:16:52+00:00,['1591042270312087552'],1591042270312087552,,"¬°Buenos d√≠as! Estos son los Indicadores econ√≥micos para hoy 11 de Noviembre

#colombia #dolar #indicadores #acciones #econonomia #finanzas #bogota #manizales #huila #Neiva https://t.co/8pjyQYIh7z",dolar
80,,123879040,1591042153282555909,2022-11-11 12:16:24+00:00,['1591042153282555909'],1591042153282555909,,"CHILE #cotizaci√≥n promedio 11-11-22 en pesos chilenos: 
üíµ #Dolar $921 
üí∂ #Euro $936 
https://t.co/H2or5aDVhN",dolar
81,,1115012822935773184,1591041993396097025,2022-11-11 12:15:46+00:00,['1591041993396097025'],1591041993396097025,,"Nuevo d√≠a nuevos precios. Dolar a 292.0

#dolar #Argentina",dolar
82,,1203392606656487424,1591041731252080642,2022-11-11 12:14:43+00:00,['1591041731252080642'],1591041731252080642,,"https://t.co/mUJpdHnA7m Los PoliBrujas, cortos para narrar el abuso policial en Venezuela. SUSCRIBE para subir m√°s contenido real
#Venezuela #11Nov #Lluvias #Gasolina #Corpoelec #Dolar #Agua #IVSS #CICPC #Video #Anime #Politica #Corruption Plan Vuelta a La Patria Jorge Rodr√≠guez",dolar
83,,1115012822935773184,1590844426993401859,2022-11-11 12:14:43+00:00,['1591041730723422209'],1591041730723422209,149991703.0,"@alferdez ¬øSab√≠as que?
El truco para saber si el dolar va a subir o bajar consiste en fijarte en qu√© pais estas
Si est√°s en Argentina, va a subir

#dolar #argentina",dolar
84,,202243641,1591041727971803137,2022-11-11 12:14:42+00:00,['1591041727971803137'],1591041727971803137,,¬°Estudio contable Moyental est√° disponible! https://t.co/fhTeIy1pr0 #diadelalealtad #d√≥lar,dolar
85,,1203392606656487424,1591041671713947650,2022-11-11 12:14:29+00:00,['1591041671713947650'],1591041671713947650,,"https://t.co/G3iNRJ1gUS Los PoliBrujas, cortos para narrar el abuso policial en Venezuela. SUSCRIBE para subir m√°s contenido real
#Venezuela #11Nov #Lluvias #Gasolina #Corpoelec #Dolar #Agua #IVSS #CICPC #Video #Anime #Politica #Corruption Plan Vuelta a La Patria Jorge Rodr√≠guez",dolar
86,,123879040,1591041149644734465,2022-11-11 12:12:24+00:00,['1591041149644734465'],1591041149644734465,,"URUGUAY #cotizaci√≥n promedio 11-11-22 en pesos uruguayos: 
üíµ #Dolar $41.30 
üí∂ #Euro $42.64 
#Real $9.04 
https://t.co/hm6gF8pofq",dolar
87,{'media_keys': ['3_1591041130308714497']},1120075057,1591041132078985219,2022-11-11 12:12:20+00:00,['1591041132078985219'],1591041132078985219,,"#Nubox | Indicadores Econ√≥micos diarios correspondiente al 11 de noviembre 2022 by @bcentralchile. 

Toma nota ‚úçÔ∏è

#UF #d√≥lar #euro #pymes #bancocentral https://t.co/GdIMaKzgaF",dolar
88,,173963390,1591039581972926464,2022-11-11 12:06:11+00:00,['1591039581972926464'],1591039581972926464,,"No se si taaaaan obvio, pero esperable. Un fortalecimiento global del #dolar solo traccionado por diferencial de #tasas, si se espera que la #FED modere sus movimientos alcistas dado el √∫ltimo dato de #inflaci√≥n, se desarman posiciones. https://t.co/8gKtvkry0k",dolar
89,,1362796718,1591038645728907264,2022-11-11 12:02:27+00:00,['1591038645728907264'],1591038645728907264,,"""Qui√©nes son los expertos que preparan los planes de gobierno de Juntos por el Cambio - infobae"" | #DolarBlue #Dolar https://t.co/4LoDcLS5p1 https://t.co/nnoqn7lEHW",dolar
90,,1362796718,1591038644613439489,2022-11-11 12:02:27+00:00,['1591038644613439489'],1591038644613439489,,"""Rusia lo hizo: Europeos vienen por el gas de Vaca Muerta - Urgente 24"" | #DolarBlue #Dolar https://t.co/4LoDcLSDez https://t.co/8vl7LcxB4e",dolar
91,,1362796718,1591038643413688322,2022-11-11 12:02:27+00:00,['1591038643413688322'],1591038643413688322,,"""Wall Street vol√≥ por un √≠ndice y aqu√≠ el canje lleg√≥ al 61% - El Economista"" | #DolarBlue #Dolar https://t.co/4LoDcLS5p1 https://t.co/QMDvr3jnsQ",dolar
92,,1362796718,1591038642281238529,2022-11-11 12:02:27+00:00,['1591038642281238529'],1591038642281238529,,"""La nueva Toyota Hilux Conquest se vende en Mendoza con este precio - Sitio Andino"" | #DolarBlue #Dolar https://t.co/4LoDcLS5p1 https://t.co/tZYA3R7cWS",dolar
93,,1362796718,1591038641127976960,2022-11-11 12:02:26+00:00,['1591038641127976960'],1591038641127976960,,"""De la mano de los usados, crecen los pr√©stamos prendarios - Diario R√≠o Negro"" | #DolarBlue #Dolar https://t.co/4LoDcLSDez https://t.co/tS7XNkJdH4",dolar
94,,1362796718,1591038639756410880,2022-11-11 12:02:26+00:00,['1591038639756410880'],1591038639756410880,,"""Datos personales: detalles del innovador y pol√©mico proyecto que present√≥ el Gobierno - El Cronista"" | #DolarBlue #Dolar https://t.co/4LoDcLSDez https://t.co/OiPrnroGYN",dolar
95,,1362796718,1591038638502326273,2022-11-11 12:02:26+00:00,['1591038638502326273'],1591038638502326273,,"""Argentina propone una mujer como candidata para el BID - Diario El Dia"" | #DolarBlue #Dolar https://t.co/4LoDcLSDez https://t.co/7zamlsqYAN",dolar
96,,1362796718,1591038637273219076,2022-11-11 12:02:25+00:00,['1591038637273219076'],1591038637273219076,,"""D√ìLAR: por qu√© el mercado prev√© una mayor devaluaci√≥n del peso - https://t.co/4mws9rrWQk"" | #DolarBlue #Dolar https://t.co/4LoDcLS5p1 https://t.co/tNy39wat0X",dolar
97,,1362796718,1591038636220358659,2022-11-11 12:02:25+00:00,['1591038636220358659'],1591038636220358659,,"""Inflaci√≥n: Sergio Massa lanza el nuevo acuerdo de precios y los empresarios esperan que se liberen d√≥lares pa... | #DolarBlue #Dolar https://t.co/4LoDcLS5p1 https://t.co/G5DlhCmi3r",dolar
98,,1362796718,1591038634937188352,2022-11-11 12:02:25+00:00,['1591038634937188352'],1591038634937188352,,"""Todos los detalles de Precios Justos, el nuevo programa de congelamiento que promovi√≥ Sergio Massa - V√≠a Pa√≠s"" | #DolarBlue #Dolar https://t.co/4LoDcLSDez https://t.co/1VNCTMW4L0",dolar
99,{'media_keys': ['3_1591038596001284096']},1381776255243145226,1591038600052969472,2022-11-11 12:02:16+00:00,['1591038600052969472'],1591038600052969472,,"Un #pa√≠s reconoce a los #NFT como propiedad tras una #demanda #comercial

https://t.co/eOAkphWy9l

#b2bfinances #finanzas #Espa√±a #academia #noticias #bolsa #traiding #M√©xico #Venezuela #chile #panama #oro #stamp #etf #cursos #forex #Crypto #Colombia #dinero #dolar #euro #israel https://t.co/R1lZH0zbS4",dolar
